,date,cases_new,cases_import,cases_recovered,cases_active,cases_cluster,cases_pvax,cases_fvax,cases_child,cases_adolescent,cases_adult,cases_elderly,cluster_import,cluster_religious,cluster_community,cluster_highRisk,cluster_education,cluster_detentionCentre,cluster_workplace
0,2020-01-25,4,4,0,4,0.0,0.0,0.0,0.0,0.0,1.0,0.0,,,,,,,
1,2020-01-26,0,0,0,4,0.0,0.0,0.0,0.0,0.0,0.0,0.0,,,,,,,
2,2020-01-27,0,0,0,4,0.0,0.0,0.0,0.0,0.0,0.0,0.0,,,,,,,
3,2020-01-28,0,0,0,4,0.0,0.0,0.0,0.0,0.0,0.0,0.0,,,,,,,
4,2020-01-29,3,3,0,7,0.0,0.0,0.0,1.0,0.0,2.0,0.0,,,,,,,
5,2020-01-30,1,1,0,8,0.0,0.0,0.0,0.0,0.0,1.0,0.0,,,,,,,
6,2020-01-31,0,0,0,8,0.0,0.0,0.0,0.0,0.0,0.0,0.0,,,,,,,
7,2020-02-01,0,0,0,8,0.0,0.0,0.0,0.0,0.0,0.0,0.0,,,,,,,
8,2020-02-02,0,0,0,8,0.0,0.0,0.0,0.0,0.0,0.0,0.0,,,,,,,
9,2020-02-03,0,0,0,8,0.0,0.0,0.0,0.0,0.0,0.0,0.0,,,,,,,
10,2020-02-04,2,2,0,10,0.0,0.0,0.0,0.0,0.0,1.0,1.0,,,,,,,
11,2020-02-05,2,2,1,11,0.0,0.0,0.0,1.0,0.0,1.0,0.0,,,,,,,
12,2020-02-06,2,1,0,13,0.0,0.0,0.0,0.0,0.0,2.0,0.0,,,,,,,
13,2020-02-07,1,1,0,14,0.0,0.0,0.0,0.0,0.0,1.0,0.0,,,,,,,
14,2020-02-08,1,1,1,14,0.0,0.0,0.0,0.0,0.0,0.0,1.0,,,,,,,
15,2020-02-09,1,0,1,14,0.0,0.0,0.0,0.0,0.0,0.0,1.0,,,,,,,
16,2020-02-10,1,1,0,15,0.0,0.0,0.0,0.0,0.0,1.0,0.0,,,,,,,
17,2020-02-11,0,0,0,15,0.0,0.0,0.0,0.0,0.0,0.0,0.0,,,,,,,
18,2020-02-12,0,0,0,15,0.0,0.0,0.0,0.0,0.0,0.0,0.0,,,,,,,
19,2020-02-13,0,0,0,15,0.0,0.0,0.0,0.0,0.0,0.0,0.0,,,,,,,
20,2020-02-14,1,1,4,12,0.0,0.0,0.0,0.0,0.0,1.0,0.0,,,,,,,
21,2020-02-15,3,3,1,14,0.0,0.0,0.0,0.0,0.0,2.0,1.0,,,,,,,
22,2020-02-16,0,0,0,14,0.0,0.0,0.0,0.0,0.0,0.0,0.0,,,,,,,
23,2020-02-17,0,0,3,11,0.0,0.0,0.0,0.0,0.0,0.0,0.0,,,,,,,
24,2020-02-18,0,0,2,9,0.0,0.0,0.0,0.0,0.0,0.0,0.0,,,,,,,
25,2020-02-19,0,0,4,5,0.0,0.0,0.0,0.0,0.0,0.0,0.0,,,,,,,
26,2020-02-20,0,0,0,5,0.0,0.0,0.0,0.0,0.0,0.0,0.0,,,,,,,
27,2020-02-21,0,0,0,5,0.0,0.0,0.0,0.0,0.0,0.0,0.0,,,,,,,
28,2020-02-22,0,0,1,4,0.0,0.0,0.0,0.0,0.0,0.0,0.0,,,,,,,
29,2020-02-23,0,0,0,4,0.0,0.0,0.0,0.0,0.0,0.0,0.0,,,,,,,
30,2020-02-24,0,0,2,2,0.0,0.0,0.0,0.0,0.0,0.0,0.0,,,,,,,
31,2020-02-25,0,0,0,2,0.0,0.0,0.0,0.0,0.0,0.0,0.0,,,,,,,
32,2020-02-26,0,0,0,2,0.0,0.0,0.0,0.0,0.0,0.0,0.0,,,,,,,
33,2020-02-27,1,1,2,1,0.0,0.0,0.0,0.0,0.0,1.0,0.0,,,,,,,
34,2020-02-28,2,2,0,3,0.0,0.0,0.0,0.0,0.0,2.0,0.0,,,,,,,
35,2020-02-29,0,0,0,3,0.0,0.0,0.0,0.0,0.0,0.0,0.0,,,,,,,
36,2020-03-01,4,1,0,7,0.0,0.0,0.0,0.0,0.0,4.0,0.0,,,,,,,
37,2020-03-02,0,0,0,7,0.0,0.0,0.0,0.0,0.0,0.0,0.0,,,,,,,
38,2020-03-03,7,1,0,14,0.0,0.0,0.0,0.0,0.0,7.0,0.0,,,,,,,
39,2020-03-04,14,0,1,27,0.0,0.0,0.0,0.0,0.0,10.0,4.0,,,,,,,
40,2020-03-05,5,0,0,32,0.0,0.0,0.0,1.0,0.0,3.0,1.0,,,,,,,
41,2020-03-06,28,1,0,60,0.0,0.0,0.0,1.0,1.0,23.0,3.0,,,,,,,
42,2020-03-07,10,2,1,69,0.0,0.0,0.0,0.0,1.0,7.0,2.0,,,,,,,
43,2020-03-08,6,0,1,74,0.0,0.0,0.0,1.0,0.0,5.0,0.0,,,,,,,
44,2020-03-09,18,2,1,91,0.0,0.0,0.0,0.0,1.0,12.0,5.0,,,,,,,
45,2020-03-10,12,0,0,103,0.0,0.0,0.0,0.0,0.0,11.0,1.0,,,,,,,
46,2020-03-11,20,3,1,122,2.0,0.0,0.0,1.0,1.0,10.0,8.0,,,,,,,
47,2020-03-12,9,1,6,125,4.0,0.0,0.0,0.0,0.0,6.0,3.0,,,,,,,
48,2020-03-13,39,1,0,164,34.0,0.0,0.0,0.0,0.0,31.0,8.0,,,,,,,
49,2020-03-14,41,1,4,201,35.0,0.0,0.0,0.0,0.0,33.0,8.0,,,,,,,
50,2020-03-15,190,2,5,386,175.0,0.0,0.0,3.0,3.0,125.0,50.0,,,,,,,
51,2020-03-16,125,6,0,511,108.0,0.0,0.0,4.0,3.0,85.0,30.0,,,,,,,
52,2020-03-17,120,3,7,622,109.0,0.0,0.0,5.0,3.0,90.0,22.0,,,,,,,
53,2020-03-18,117,8,11,728,96.0,0.0,0.0,4.0,8.0,79.0,25.0,,,,,,,
54,2020-03-19,110,5,15,823,85.0,0.0,0.0,6.0,6.0,78.0,20.0,,,,,,,
55,2020-03-20,130,6,12,940,111.0,0.0,0.0,2.0,6.0,97.0,22.0,,,,,,,
56,2020-03-21,153,11,27,1062,109.0,0.0,0.0,7.0,3.0,106.0,34.0,,,,,,,
57,2020-03-22,123,21,25,1156,86.0,0.0,0.0,2.0,6.0,96.0,19.0,,,,,,,
58,2020-03-23,212,29,20,1343,159.0,0.0,0.0,2.0,4.0,155.0,35.0,,,,,,,
59,2020-03-24,106,19,24,1423,69.0,0.0,0.0,3.0,7.0,73.0,18.0,,,,,,,
60,2020-03-25,172,35,16,1576,114.0,0.0,0.0,4.0,6.0,112.0,45.0,,,,,,,
61,2020-03-26,235,27,16,1790,154.0,0.0,0.0,12.0,17.0,166.0,35.0,,,,,,,
62,2020-03-27,130,19,44,1874,68.0,0.0,0.0,7.0,3.0,95.0,23.0,,,,,,,
63,2020-03-28,159,22,61,1966,102.0,0.0,0.0,5.0,9.0,112.0,32.0,,,,,,,
64,2020-03-29,150,17,68,2043,93.0,0.0,0.0,4.0,6.0,110.0,27.0,,,,,,,
65,2020-03-30,156,16,90,2105,105.0,0.0,0.0,8.0,7.0,119.0,20.0,,,,,,,
66,2020-03-31,140,17,58,2182,80.0,0.0,0.0,4.0,7.0,100.0,28.0,,,,,,,
67,2020-04-01,142,15,108,2214,70.0,0.0,0.0,7.0,10.0,104.0,20.0,,,,,,,
68,2020-04-02,208,36,122,2298,99.0,0.0,0.0,8.0,12.0,142.0,38.0,,,,,,,
69,2020-04-03,217,21,60,2450,129.0,0.0,0.0,6.0,17.0,166.0,25.0,,,,,,,
70,2020-04-04,150,17,88,2509,109.0,0.0,0.0,2.0,7.0,112.0,15.0,,,,,,,
71,2020-04-05,179,21,90,2596,95.0,0.0,0.0,17.0,19.0,115.0,22.0,,,,,,,
72,2020-04-06,131,19,236,2489,80.0,0.0,0.0,13.0,5.0,78.0,30.0,,,,,,,
73,2020-04-07,170,19,80,2578,77.0,0.0,0.0,13.0,13.0,114.0,22.0,,,,,,,
74,2020-04-08,156,20,166,2567,61.0,0.0,0.0,8.0,19.0,102.0,26.0,,,,,,,
75,2020-04-09,109,20,121,2553,53.0,0.0,0.0,4.0,4.0,85.0,15.0,,,,,,,
76,2020-04-10,118,20,222,2446,56.0,0.0,0.0,2.0,11.0,84.0,20.0,,,,,,,
77,2020-04-11,184,10,165,2462,114.0,0.0,0.0,14.0,9.0,116.0,18.0,,,,,,,
78,2020-04-12,153,14,113,2497,86.0,0.0,0.0,13.0,7.0,85.0,17.0,,,,,,,
79,2020-04-13,134,8,168,2462,69.0,0.0,0.0,3.0,12.0,99.0,9.0,,,,,,,
80,2020-04-14,170,12,202,2427,115.0,0.0,0.0,6.0,10.0,126.0,23.0,,,,,,,
81,2020-04-15,85,4,169,2341,51.0,0.0,0.0,3.0,3.0,55.0,24.0,,,,,,,
82,2020-04-16,110,3,119,2330,49.0,0.0,0.0,15.0,15.0,63.0,15.0,,,,,,,
83,2020-04-17,69,6,201,2197,37.0,0.0,0.0,8.0,6.0,44.0,8.0,,,,,,,
84,2020-04-18,54,6,135,2116,36.0,0.0,0.0,4.0,3.0,39.0,8.0,,,,,,,
85,2020-04-19,84,48,95,2104,17.0,0.0,0.0,4.0,6.0,67.0,3.0,,,,,,,
86,2020-04-20,36,13,98,2041,5.0,0.0,0.0,2.0,3.0,26.0,5.0,,,,,,,
87,2020-04-21,57,18,54,2042,15.0,0.0,0.0,1.0,9.0,43.0,4.0,,,,,,,
88,2020-04-22,50,5,103,1987,24.0,0.0,0.0,0.0,4.0,33.0,5.0,,,,,,,
89,2020-04-23,71,20,90,1967,42.0,0.0,0.0,2.0,4.0,39.0,4.0,,,,,,,
90,2020-04-24,88,15,121,1933,67.0,0.0,0.0,3.0,7.0,37.0,2.0,,,,,,,
91,2020-04-25,51,4,99,1883,40.0,0.0,0.0,2.0,3.0,19.0,6.0,,,,,,,
92,2020-04-26,38,5,100,1821,25.0,0.0,0.0,1.0,2.0,22.0,8.0,,,,,,,
93,2020-04-27,40,5,95,1765,17.0,0.0,0.0,4.0,0.0,18.0,2.0,,,,,,,
94,2020-04-28,31,10,75,1720,7.0,0.0,0.0,1.0,1.0,17.0,4.0,,,,,,,
95,2020-04-29,94,72,55,1758,13.0,0.0,0.0,0.0,9.0,81.0,1.0,,,,,,,
96,2020-04-30,57,26,84,1729,8.0,0.0,0.0,3.0,3.0,45.0,5.0,,,,,,,
97,2020-05-01,69,12,39,1759,5.0,0.0,0.0,1.0,3.0,35.0,1.0,,,,,,,
98,2020-05-02,105,11,116,1747,53.0,0.0,0.0,6.0,4.0,86.0,5.0,,,,,,,
99,2020-05-03,122,52,87,1781,21.0,0.0,0.0,2.0,18.0,89.0,3.0,,,,,,,
100,2020-05-04,55,7,71,1765,27.0,0.0,0.0,2.0,3.0,43.0,0.0,,,,,,,
101,2020-05-05,30,1,83,1710,22.0,0.0,0.0,0.0,0.0,23.0,2.0,,,,,,,
102,2020-05-06,45,1,135,1620,28.0,0.0,0.0,0.0,3.0,34.0,5.0,,,,,,,
103,2020-05-07,39,1,74,1584,27.0,0.0,0.0,0.0,2.0,25.0,4.0,,,,,,,
104,2020-05-08,68,4,88,1564,57.0,0.0,0.0,0.0,1.0,65.0,1.0,,,,,,,
105,2020-05-09,54,1,65,1552,31.0,0.0,0.0,0.0,0.0,47.0,1.0,,,,,,,
106,2020-05-10,67,0,96,1522,47.0,0.0,0.0,1.0,5.0,57.0,1.0,,,,,,,
107,2020-05-11,70,13,88,1504,3.0,0.0,0.0,5.0,3.0,56.0,4.0,,,,,,,
108,2020-05-12,16,3,110,1409,2.0,0.0,0.0,0.0,0.0,8.0,1.0,,,,,,,
109,2020-05-13,37,4,58,1386,25.0,0.0,0.0,2.0,0.0,32.0,2.0,,,,,,,
110,2020-05-14,40,0,70,1356,5.0,0.0,0.0,0.0,2.0,23.0,0.0,,,,,,,
111,2020-05-15,36,1,88,1304,14.0,0.0,0.0,0.0,1.0,21.0,4.0,,,,,,,
112,2020-05-16,17,6,73,1248,0.0,0.0,0.0,1.0,1.0,14.0,1.0,,,,,,,
113,2020-05-17,22,5,59,1211,12.0,0.0,0.0,0.0,1.0,17.0,1.0,,,,,,,
114,2020-05-18,47,21,44,1213,2.0,0.0,0.0,0.0,1.0,36.0,2.0,,,,,,,
115,2020-05-19,37,2,31,1219,1.0,0.0,0.0,1.0,1.0,22.0,5.0,,,,,,,
116,2020-05-20,31,10,60,1190,0.0,0.0,0.0,1.0,1.0,24.0,1.0,,,,,,,
117,2020-05-21,50,3,90,1149,0.0,0.0,0.0,0.0,2.0,12.0,1.0,,,,,,,
118,2020-05-22,78,26,63,1164,13.0,0.0,0.0,0.0,8.0,39.0,2.0,,,,,,,
119,2020-05-23,48,4,53,1159,2.0,0.0,0.0,2.0,0.0,41.0,4.0,,,,,,,
120,2020-05-24,60,7,33,1186,8.0,0.0,0.0,1.0,3.0,51.0,2.0,,,,,,,
121,2020-05-25,172,5,34,1324,0.0,0.0,0.0,0.0,2.0,89.0,2.0,,,,,,,
122,2020-05-26,187,10,62,1449,0.0,0.0,0.0,1.0,1.0,107.0,2.0,,,,,,,
123,2020-05-27,15,6,42,1422,0.0,0.0,0.0,1.0,0.0,12.0,0.0,,,,,,,
124,2020-05-28,10,0,86,1346,0.0,0.0,0.0,0.0,1.0,5.0,0.0,,,,,,,
125,2020-05-29,103,7,66,1383,1.0,0.0,0.0,1.0,3.0,71.0,1.0,,,,,,,
126,2020-05-30,30,3,95,1318,4.0,0.0,0.0,0.0,3.0,10.0,4.0,,,,,,,
127,2020-05-31,57,10,23,1352,17.0,0.0,0.0,1.0,2.0,48.0,1.0,,,,,,,
128,2020-06-01,38,26,51,1339,1.0,0.0,0.0,3.0,1.0,31.0,0.0,,,,,,,
129,2020-06-02,20,15,66,1293,0.0,0.0,0.0,1.0,0.0,19.0,0.0,,,,,,,
130,2020-06-03,93,0,61,1325,0.0,0.0,0.0,1.0,29.0,57.0,0.0,,,,,,,
131,2020-06-04,277,2,28,1573,1.0,0.0,0.0,1.0,3.0,255.0,2.0,,,,,,,
132,2020-06-05,19,7,51,1540,1.0,0.0,0.0,3.0,2.0,11.0,1.0,,,,,,,
133,2020-06-06,37,8,25,1552,2.0,0.0,0.0,3.0,3.0,23.0,1.0,,,,,,,
134,2020-06-07,19,6,39,1532,0.0,0.0,0.0,0.0,4.0,12.0,2.0,,,,,,,
135,2020-06-08,7,2,20,1519,2.0,0.0,0.0,1.0,0.0,6.0,0.0,,,,,,,
136,2020-06-09,7,6,281,1245,0.0,0.0,0.0,0.0,0.0,6.0,0.0,,,,,,,
137,2020-06-10,2,1,39,1207,0.0,0.0,0.0,0.0,0.0,2.0,0.0,,,,,,,
138,2020-06-11,31,11,51,1186,1.0,0.0,0.0,0.0,1.0,28.0,0.0,,,,,,,
139,2020-06-12,33,16,103,1114,0.0,0.0,0.0,1.0,1.0,24.0,1.0,,,,,,,
140,2020-06-13,43,5,143,1014,1.0,0.0,0.0,12.0,8.0,21.0,2.0,,,,,,,
141,2020-06-14,8,2,35,987,1.0,0.0,0.0,0.0,0.0,3.0,1.0,,,,,,,
142,2020-06-15,41,3,54,974,5.0,0.0,0.0,7.0,3.0,27.0,2.0,,,,,,,
143,2020-06-16,11,1,333,652,4.0,0.0,0.0,0.0,1.0,9.0,0.0,,,,,,,
144,2020-06-17,10,0,140,522,6.0,0.0,0.0,2.0,1.0,4.0,3.0,,,,,,,
145,2020-06-18,14,3,127,409,2.0,0.0,0.0,0.0,0.0,13.0,1.0,,,,,,,
146,2020-06-19,6,2,70,345,1.0,0.0,0.0,0.0,1.0,4.0,1.0,,,,,,,
147,2020-06-20,21,2,76,290,9.0,0.0,0.0,0.0,6.0,5.0,3.0,,,,,,,
148,2020-06-21,16,3,10,296,2.0,0.0,0.0,0.0,0.0,14.0,2.0,,,,,,,
149,2020-06-22,15,2,21,290,0.0,0.0,0.0,0.0,0.0,15.0,0.0,,,,,,,
150,2020-06-23,3,0,9,284,2.0,0.0,0.0,0.0,0.0,2.0,1.0,,,,,,,
151,2020-06-24,6,2,45,245,2.0,0.0,0.0,0.0,1.0,5.0,0.0,,,,,,,
152,2020-06-25,4,3,40,209,0.0,0.0,0.0,0.0,0.0,3.0,1.0,,,,,,,
153,2020-06-26,6,5,23,192,0.0,0.0,0.0,0.0,1.0,4.0,1.0,,,,,,,
154,2020-06-27,10,4,14,188,0.0,0.0,0.0,1.0,2.0,7.0,0.0,,,,,,,
155,2020-06-28,18,4,10,196,0.0,0.0,0.0,1.0,0.0,17.0,0.0,,,,,,,
156,2020-06-29,3,1,16,183,0.0,0.0,0.0,1.0,0.0,2.0,0.0,,,,,,,
157,2020-06-30,2,1,20,165,0.0,0.0,0.0,0.0,0.0,2.0,0.0,,,,,,,
158,2020-07-01,1,1,21,145,0.0,0.0,0.0,0.0,0.0,1.0,0.0,,,,,,,
159,2020-07-02,3,1,62,86,1.0,0.0,0.0,0.0,0.0,3.0,0.0,,,,,,,
160,2020-07-03,5,3,9,82,0.0,0.0,0.0,0.0,0.0,4.0,1.0,,,,,,,
161,2020-07-04,10,7,15,77,0.0,0.0,0.0,4.0,0.0,6.0,0.0,,,,,,,
162,2020-07-05,5,3,4,78,0.0,0.0,0.0,1.0,0.0,3.0,1.0,,,,,,,
163,2020-07-06,5,3,11,72,1.0,0.0,0.0,0.0,0.0,5.0,0.0,,,,,,,
164,2020-07-07,6,4,5,73,0.0,0.0,0.0,0.0,0.0,6.0,0.0,,,,,,,
165,2020-07-08,3,3,5,71,0.0,0.0,0.0,0.0,0.0,3.0,0.0,,,,,,,
166,2020-07-09,6,6,13,64,0.0,0.0,0.0,1.0,1.0,4.0,0.0,,,,,,,
167,2020-07-10,13,8,12,64,0.0,0.0,0.0,0.0,3.0,9.0,1.0,,,,,,,
168,2020-07-11,8,4,4,68,0.0,0.0,0.0,0.0,0.0,6.0,2.0,,,,,,,
169,2020-07-12,14,3,4,78,0.0,0.0,0.0,0.0,0.0,12.0,0.0,,,,,,,
170,2020-07-13,7,6,1,84,1.0,0.0,0.0,0.0,0.0,6.0,1.0,,,,,,,
171,2020-07-14,4,4,4,84,0.0,0.0,0.0,0.0,0.0,4.0,0.0,,,,,,,
172,2020-07-15,5,1,2,87,2.0,0.0,0.0,0.0,0.0,5.0,0.0,,,,,,,
173,2020-07-16,3,1,12,78,2.0,0.0,0.0,0.0,0.0,3.0,0.0,,,,,,,
174,2020-07-17,18,10,3,92,8.0,0.0,0.0,3.0,0.0,12.0,3.0,,,,,,,
175,2020-07-18,9,4,5,96,0.0,0.0,0.0,0.0,0.0,6.0,3.0,,,,,,,
176,2020-07-19,15,4,7,104,5.0,0.0,0.0,0.0,0.0,12.0,2.0,,,,,,,
177,2020-07-20,21,6,2,123,13.0,0.0,0.0,1.0,0.0,9.0,10.0,,,,,,,
178,2020-07-21,15,4,7,131,0.0,0.0,0.0,0.0,1.0,13.0,1.0,,,,,,,
179,2020-07-22,16,8,4,143,0.0,0.0,0.0,0.0,0.0,12.0,4.0,,,,,,,
180,2020-07-23,9,3,8,144,0.0,0.0,0.0,0.0,0.0,8.0,1.0,,,,,,,
181,2020-07-24,21,5,3,162,2.0,0.0,0.0,0.0,1.0,17.0,3.0,,,,,,,
182,2020-07-25,23,6,17,168,2.0,0.0,0.0,0.0,0.0,20.0,3.0,,,,,,,
183,2020-07-26,13,3,6,174,0.0,0.0,0.0,1.0,0.0,12.0,0.0,,,,,,,
184,2020-07-27,7,4,1,180,0.0,0.0,0.0,1.0,0.0,5.0,1.0,,,,,,,
185,2020-07-28,39,11,6,213,1.0,0.0,0.0,3.0,1.0,30.0,4.0,,,,,,,
186,2020-07-29,13,8,5,220,0.0,0.0,0.0,0.0,1.0,11.0,1.0,,,,,,,
187,2020-07-30,8,3,5,223,0.0,0.0,0.0,0.0,0.0,5.0,3.0,,,,,,,
188,2020-07-31,12,5,27,208,0.0,0.0,0.0,0.0,0.0,11.0,1.0,,,,,,,
189,2020-08-01,9,7,3,214,0.0,0.0,0.0,0.0,0.0,6.0,3.0,,,,,,,
190,2020-08-02,14,1,17,211,0.0,0.0,0.0,4.0,1.0,9.0,0.0,,,,,,,
191,2020-08-03,2,0,4,209,0.0,0.0,0.0,0.0,0.0,1.0,1.0,,,,,,,
192,2020-08-04,1,0,16,194,0.0,0.0,0.0,0.0,0.0,1.0,0.0,,,,,,,
193,2020-08-05,21,15,18,197,0.0,0.0,0.0,2.0,1.0,16.0,2.0,,,,,,,
194,2020-08-06,15,5,11,201,0.0,0.0,0.0,2.0,0.0,12.0,1.0,,,,,,,
195,2020-08-07,25,9,15,211,1.0,0.0,0.0,3.0,2.0,18.0,2.0,,,,,,,
196,2020-08-08,7,6,47,171,0.0,0.0,0.0,0.0,0.0,7.0,0.0,,,,,,,
197,2020-08-09,13,9,9,175,1.0,0.0,0.0,0.0,0.0,12.0,1.0,,,,,,,
198,2020-08-10,11,5,19,166,0.0,0.0,0.0,1.0,0.0,10.0,0.0,,,,,,,
199,2020-08-11,9,5,6,169,0.0,0.0,0.0,0.0,0.0,8.0,1.0,,,,,,,
200,2020-08-12,11,8,8,172,2.0,0.0,0.0,0.0,0.0,9.0,2.0,,,,,,,
201,2020-08-13,15,4,4,183,9.0,0.0,0.0,0.0,2.0,12.0,1.0,,,,,,,
202,2020-08-14,20,7,7,196,13.0,0.0,0.0,1.0,0.0,18.0,1.0,,,,,,,
203,2020-08-15,26,3,3,219,16.0,0.0,0.0,4.0,1.0,18.0,3.0,,,,,,,
204,2020-08-16,25,16,28,216,6.0,0.0,0.0,3.0,1.0,20.0,0.0,,,,,,,
205,2020-08-17,12,2,17,211,9.0,0.0,0.0,1.0,2.0,7.0,2.0,,,,,,,
206,2020-08-18,7,4,26,192,3.0,0.0,0.0,3.0,1.0,2.0,1.0,,,,,,,
207,2020-08-19,16,4,23,185,11.0,0.0,0.0,2.0,1.0,10.0,3.0,,,,,,,
208,2020-08-20,5,5,7,183,0.0,0.0,0.0,0.0,0.0,5.0,0.0,,,,,,,
209,2020-08-21,9,4,13,179,3.0,0.0,0.0,1.0,0.0,8.0,0.0,,,,,,,
210,2020-08-22,8,3,4,183,5.0,0.0,0.0,0.0,1.0,7.0,0.0,,,,,,,
211,2020-08-23,10,8,10,183,2.0,0.0,0.0,0.0,0.0,9.0,1.0,,,,,,,
212,2020-08-24,7,2,6,184,0.0,0.0,0.0,0.0,0.0,7.0,0.0,,,,,,,
213,2020-08-25,11,2,6,189,6.0,0.0,0.0,2.0,4.0,3.0,2.0,,,,,,,
214,2020-08-26,6,1,7,188,5.0,0.0,0.0,3.0,0.0,2.0,1.0,,,,,,,
215,2020-08-27,5,2,16,177,0.0,0.0,0.0,0.0,0.0,4.0,1.0,,,,,,,
216,2020-08-28,10,8,36,151,2.0,0.0,0.0,1.0,0.0,8.0,1.0,,,,,,,
217,2020-08-29,11,10,8,153,0.0,0.0,0.0,0.0,1.0,6.0,4.0,,,,,,,
218,2020-08-30,17,15,10,159,1.0,0.0,0.0,4.0,0.0,13.0,0.0,,,,,,,
219,2020-08-31,6,4,6,159,2.0,0.0,0.0,1.0,0.0,4.0,1.0,,,,,,,
220,2020-09-01,14,5,21,151,9.0,0.0,0.0,1.0,1.0,11.0,1.0,,,,,,,
221,2020-09-02,6,4,4,153,1.0,0.0,0.0,0.0,0.0,6.0,0.0,,,,,,,
222,2020-09-03,14,4,4,163,8.0,0.0,0.0,2.0,2.0,8.0,2.0,,,,,,,
223,2020-09-04,11,7,9,165,3.0,0.0,0.0,1.0,0.0,9.0,1.0,,,,,,,
224,2020-09-05,6,4,21,150,1.0,0.0,0.0,0.0,0.0,5.0,1.0,,,,,,,
225,2020-09-06,6,3,2,154,2.0,0.0,0.0,1.0,0.0,4.0,1.0,,,,,,,
226,2020-09-07,62,6,9,207,54.0,0.0,0.0,1.0,3.0,56.0,2.0,,,,,,,
227,2020-09-08,100,15,12,295,85.0,0.0,0.0,7.0,2.0,90.0,1.0,,,,,,,
228,2020-09-09,24,6,7,312,17.0,0.0,0.0,4.0,3.0,13.0,4.0,,,,,,,
229,2020-09-10,45,1,24,333,43.0,0.0,0.0,2.0,1.0,41.0,1.0,,,,,,,
230,2020-09-11,182,1,14,501,181.0,0.0,0.0,3.0,0.0,176.0,3.0,,,,,,,
231,2020-09-12,58,5,8,551,53.0,0.0,0.0,5.0,1.0,47.0,5.0,,,,,,,
232,2020-09-13,47,2,7,591,24.0,0.0,0.0,0.0,1.0,41.0,5.0,,,,,,,
233,2020-09-14,31,3,7,614,19.0,0.0,0.0,1.0,2.0,23.0,5.0,,,,,,,
234,2020-09-15,23,10,6,631,13.0,0.0,0.0,3.0,4.0,16.0,0.0,,,,,,,
235,2020-09-16,62,1,26,667,51.0,0.0,0.0,4.0,4.0,53.0,1.0,,,,,,,
236,2020-09-17,21,5,15,673,9.0,0.0,0.0,1.0,0.0,15.0,5.0,,,,,,,
237,2020-09-18,95,4,14,753,87.0,0.0,0.0,13.0,3.0,71.0,7.0,,,,,,,
238,2020-09-19,20,3,51,721,10.0,0.0,0.0,7.0,1.0,10.0,2.0,,,,,,,
239,2020-09-20,52,12,40,733,33.0,0.0,0.0,4.0,2.0,43.0,3.0,,,,,,,
240,2020-09-21,57,6,40,750,39.0,0.0,0.0,11.0,7.0,35.0,3.0,,,,,,,
241,2020-09-22,82,10,168,663,67.0,0.0,0.0,7.0,5.0,69.0,1.0,,,,,,,
242,2020-09-23,147,4,39,769,130.0,0.0,0.0,7.0,3.0,131.0,6.0,,,,,,,
243,2020-09-24,72,2,64,777,63.0,0.0,0.0,3.0,7.0,40.0,8.0,,,,,,,
244,2020-09-25,110,4,30,857,95.0,0.0,0.0,6.0,18.0,75.0,11.0,,,,,,,
245,2020-09-26,82,3,89,849,64.0,0.0,0.0,3.0,1.0,75.0,3.0,,,,,,,
246,2020-09-27,150,4,50,948,124.0,0.0,0.0,19.0,28.0,80.0,6.0,,,,,,,
247,2020-09-28,115,3,54,1008,96.0,0.0,0.0,10.0,9.0,84.0,12.0,,,,,,,
248,2020-09-29,101,4,50,1059,66.0,0.0,0.0,5.0,5.0,76.0,7.0,,,,,,,
249,2020-09-30,89,3,28,1120,41.0,0.0,0.0,6.0,0.0,73.0,10.0,,,,,,,
250,2020-10-01,260,1,47,1333,212.0,0.0,0.0,45.0,16.0,136.0,15.0,,,,,,,
251,2020-10-02,287,0,81,1536,205.0,0.0,0.0,5.0,0.0,255.0,14.0,,,,,,,
252,2020-10-03,317,0,121,1731,185.0,0.0,0.0,28.0,2.0,258.0,15.0,,,,,,,
253,2020-10-04,293,1,67,1955,179.0,0.0,0.0,7.0,3.0,258.0,12.0,,,,,,,
254,2020-10-05,432,3,57,2327,325.0,0.0,0.0,15.0,14.0,365.0,17.0,,,,,,,
255,2020-10-06,691,3,87,2930,487.0,0.0,0.0,27.0,10.0,614.0,33.0,,,,,,,
256,2020-10-07,489,2,74,3342,230.0,0.0,0.0,29.0,8.0,401.0,46.0,,,,,,,
257,2020-10-08,375,4,18,3694,128.0,0.0,0.0,32.0,13.0,262.0,51.0,,,,,,,
258,2020-10-09,354,2,188,3856,167.0,0.0,0.0,27.0,13.0,282.0,31.0,,,,,,,
259,2020-10-10,374,2,73,4154,157.0,0.0,0.0,29.0,13.0,296.0,33.0,,,,,,,
260,2020-10-11,561,8,133,4579,152.0,0.0,0.0,48.0,36.0,405.0,58.0,,,,,,,
261,2020-10-12,563,1,109,5030,293.0,0.0,0.0,39.0,10.0,299.0,38.0,,,,,,,
262,2020-10-13,660,2,350,5336,284.0,0.0,0.0,48.0,31.0,491.0,84.0,,,,,,,
263,2020-10-14,660,6,233,5759,297.0,0.0,0.0,74.0,32.0,498.0,54.0,,,,,,,
264,2020-10-15,589,3,409,5936,297.0,0.0,0.0,55.0,34.0,355.0,82.0,,,,,,,
265,2020-10-16,629,2,245,6314,196.0,0.0,0.0,85.0,53.0,442.0,45.0,,,,,,,
266,2020-10-17,869,0,302,6875,449.0,0.0,0.0,124.0,40.0,650.0,45.0,,,,,,,
267,2020-10-18,871,5,701,7043,298.0,0.0,0.0,89.0,66.0,577.0,81.0,,,,,,,
268,2020-10-19,865,7,455,7446,378.0,0.0,0.0,101.0,47.0,616.0,56.0,,,,,,,
269,2020-10-20,862,2,634,7670,419.0,0.0,0.0,69.0,50.0,646.0,50.0,,,,,,,
270,2020-10-21,732,8,580,7815,219.0,0.0,0.0,115.0,51.0,513.0,50.0,,,,,,,
271,2020-10-22,847,5,486,8165,408.0,0.0,0.0,105.0,87.0,606.0,45.0,,,,,,,
272,2020-10-23,710,1,467,8399,356.0,0.0,0.0,53.0,55.0,561.0,38.0,,,,,,,
273,2020-10-24,1228,11,671,8953,789.0,0.0,0.0,99.0,93.0,924.0,59.0,,,,,,,
274,2020-10-25,823,0,579,9191,404.0,0.0,0.0,74.0,55.0,606.0,52.0,,,,,,,
275,2020-10-26,1240,2,691,9738,752.0,0.0,0.0,95.0,47.0,1028.0,64.0,,,,,,,
276,2020-10-27,835,5,674,9897,404.0,0.0,0.0,72.0,54.0,488.0,46.0,,,,,,,
277,2020-10-28,801,2,573,10115,284.0,0.0,0.0,91.0,63.0,582.0,58.0,,,,,,,
278,2020-10-29,649,7,685,10075,275.0,0.0,0.0,70.0,39.0,511.0,26.0,,,,,,,
279,2020-10-30,799,0,491,10380,392.0,0.0,0.0,70.0,52.0,629.0,46.0,,,,,,,
280,2020-10-31,659,1,1000,10034,281.0,0.0,0.0,74.0,66.0,471.0,42.0,,,,,,,
281,2020-11-01,957,0,972,10015,396.0,0.0,0.0,106.0,75.0,683.0,50.0,,,,,,,
282,2020-11-02,834,3,900,9944,299.0,0.0,0.0,93.0,71.0,611.0,47.0,,,,,,,
283,2020-11-03,1054,14,875,10115,589.0,0.0,0.0,104.0,68.0,814.0,55.0,,,,,,,
284,2020-11-04,1032,3,820,10320,414.0,0.0,0.0,106.0,64.0,765.0,81.0,,,,,,,
285,2020-11-05,1009,9,839,10484,424.0,0.0,0.0,72.0,56.0,777.0,66.0,,,,,,,
286,2020-11-06,1755,3,726,11509,1148.0,0.0,0.0,161.0,113.0,1376.0,71.0,,,,,,,
287,2020-11-07,1168,0,1029,11646,679.0,0.0,0.0,109.0,104.0,875.0,55.0,,,,,,,
288,2020-11-08,852,13,825,11669,345.0,0.0,0.0,111.0,54.0,637.0,40.0,,,,,,,
289,2020-11-09,972,5,1345,11295,573.0,0.0,0.0,106.0,95.0,656.0,55.0,,,,,,,
290,2020-11-10,869,1,725,11437,471.0,0.0,0.0,92.0,41.0,662.0,40.0,,,,,,,
291,2020-11-11,822,7,769,11488,503.0,0.0,0.0,51.0,30.0,682.0,45.0,,,,,,,
292,2020-11-12,919,3,996,11411,582.0,0.0,0.0,89.0,49.0,696.0,36.0,,,,,,,
293,2020-11-13,1304,4,900,11812,838.0,0.0,0.0,108.0,87.0,1025.0,58.0,,,,,,,
294,2020-11-14,1114,2,803,12114,754.0,0.0,0.0,87.0,50.0,913.0,30.0,,,,,,,
295,2020-11-15,1208,6,1013,12306,835.0,0.0,0.0,83.0,57.0,1018.0,40.0,,,,,,,
296,2020-11-16,1103,1,821,12585,795.0,0.0,0.0,69.0,29.0,927.0,32.0,,,,,,,
297,2020-11-17,1210,19,1018,12774,926.0,0.0,0.0,76.0,40.0,1000.0,49.0,,,,,,,
298,2020-11-18,660,4,630,12799,456.0,0.0,0.0,51.0,37.0,531.0,30.0,,,,,,,
299,2020-11-19,1290,5,878,13207,977.0,0.0,0.0,86.0,61.0,1069.0,51.0,,,,,,,
300,2020-11-20,958,5,956,13206,573.0,0.0,0.0,93.0,55.0,641.0,52.0,,,,,,,
301,2020-11-21,1041,2,1405,12838,671.0,0.0,0.0,56.0,35.0,885.0,50.0,,,,,,,
302,2020-11-22,1096,6,1104,12826,767.0,0.0,0.0,47.0,27.0,921.0,38.0,,,,,,,
303,2020-11-23,1884,2,883,13823,1572.0,0.0,0.0,68.0,34.0,1158.0,48.0,,,,,,,
304,2020-11-24,2188,0,1673,14338,1896.0,0.0,0.0,52.0,26.0,869.0,42.0,,,,,,,
305,2020-11-25,970,5,2348,12956,685.0,0.0,0.0,68.0,38.0,775.0,55.0,,,,,,,
306,2020-11-26,935,4,2555,11333,536.0,0.0,0.0,65.0,36.0,707.0,49.0,,,,,,,
307,2020-11-27,1109,10,1148,11292,662.0,0.0,0.0,83.0,48.0,909.0,57.0,,,,,,,
308,2020-11-28,1315,5,1110,11492,974.0,0.0,0.0,89.0,59.0,1125.0,40.0,,,,,,,
309,2020-11-29,1309,1,1333,11462,953.0,0.0,0.0,60.0,34.0,1128.0,56.0,,,,,,,
310,2020-11-30,1212,9,2112,10556,749.0,0.0,0.0,61.0,43.0,1053.0,54.0,,,,,,,
311,2020-12-01,1472,5,1552,10476,1153.0,0.0,0.0,51.0,34.0,1098.0,37.0,,,,,,,
312,2020-12-02,851,4,658,10663,444.0,0.0,0.0,81.0,43.0,665.0,55.0,,,,,,,
313,2020-12-03,1075,3,948,10789,648.0,0.0,0.0,87.0,41.0,828.0,48.0,,,,,,,
314,2020-12-04,1141,3,1144,10785,666.0,0.0,0.0,93.0,59.0,745.0,65.0,,,,,,,
315,2020-12-05,1123,5,1143,10761,638.0,0.0,0.0,77.0,79.0,894.0,69.0,,,,,,,
316,2020-12-06,1335,3,1069,11025,870.0,0.0,0.0,74.0,40.0,1087.0,61.0,,,,,,,
317,2020-12-07,1600,3,1033,11588,1038.0,0.0,0.0,75.0,53.0,1306.0,84.0,,,,,,,
318,2020-12-08,1012,7,1750,10844,444.0,0.0,0.0,79.0,32.0,842.0,51.0,,,,,,,
319,2020-12-09,959,6,1068,10732,535.0,0.0,0.0,67.0,36.0,672.0,59.0,,,,,,,
320,2020-12-10,2234,5,1112,11846,1790.0,0.0,0.0,82.0,48.0,2009.0,58.0,,,,,,,
321,2020-12-11,1810,11,937,12713,1361.0,0.0,0.0,95.0,67.0,1458.0,66.0,,,,,,,
322,2020-12-12,1937,2,911,13733,1461.0,0.0,0.0,65.0,73.0,1673.0,63.0,,,,,,,
323,2020-12-13,1229,2,1309,13651,746.0,0.0,0.0,88.0,53.0,1005.0,52.0,,,,,,,
324,2020-12-14,1371,1,1204,13817,870.0,0.0,0.0,76.0,49.0,1175.0,51.0,,,,,,,
325,2020-12-15,1772,12,1084,14500,1039.0,0.0,0.0,115.0,39.0,1476.0,74.0,,,,,,,
326,2020-12-16,1295,10,1052,14740,776.0,0.0,0.0,65.0,39.0,1116.0,50.0,,,,,,,
327,2020-12-17,1220,6,1297,14659,628.0,0.0,0.0,73.0,50.0,954.0,64.0,,,,,,,
328,2020-12-18,1683,8,1214,15126,893.0,0.0,0.0,77.0,37.0,1378.0,59.0,,,,,,,
329,2020-12-19,1153,2,998,15277,651.0,0.0,0.0,82.0,29.0,977.0,56.0,,,,,,,
330,2020-12-20,1340,3,1067,15546,791.0,0.0,0.0,82.0,52.0,1119.0,62.0,,,,,,,
331,2020-12-21,2018,7,1084,16478,1436.0,0.0,0.0,69.0,34.0,1848.0,58.0,,,,,,,
332,2020-12-22,2062,4,911,17624,1444.0,0.0,0.0,140.0,69.0,1777.0,56.0,,,,,,,
333,2020-12-23,1348,16,710,18259,764.0,0.0,0.0,60.0,41.0,1080.0,55.0,,,,,,,
334,2020-12-24,1581,2,1085,18745,847.0,0.0,0.0,86.0,43.0,1283.0,89.0,,,,,,,
335,2020-12-25,1247,2,1441,18547,547.0,0.0,0.0,103.0,47.0,964.0,60.0,,,,,,,
336,2020-12-26,2335,11,874,20000,1567.0,0.0,0.0,99.0,63.0,1794.0,93.0,,,,,,,
337,2020-12-27,1196,5,997,20198,508.0,0.0,0.0,112.0,45.0,876.0,91.0,,,,,,,
338,2020-12-28,1594,3,1181,20603,743.0,0.0,0.0,129.0,51.0,1300.0,88.0,,,,,,,
339,2020-12-29,1925,10,1123,21402,1098.0,0.0,0.0,127.0,42.0,1544.0,79.0,,,,,,,
340,2020-12-30,1870,2,745,22519,920.0,0.0,0.0,141.0,62.0,1304.0,115.0,,,,,,,
341,2020-12-31,2525,13,1481,23556,1505.0,0.0,0.0,142.0,62.0,2152.0,88.0,,,,,,,
342,2021-01-01,2068,2,2230,23382,944.0,0.0,0.0,121.0,76.0,1721.0,119.0,0.0,0.0,35.0,17.0,0.0,18.0,671.0
343,2021-01-02,2295,9,3321,22347,1091.0,0.0,0.0,116.0,61.0,1896.0,117.0,0.0,2.0,30.0,33.0,0.0,135.0,882.0
344,2021-01-03,1704,5,2726,21317,588.0,0.0,0.0,160.0,77.0,1307.0,118.0,0.0,0.0,41.0,25.0,0.0,83.0,432.0
345,2021-01-04,1741,8,1010,22038,618.0,0.0,0.0,181.0,74.0,1343.0,101.0,0.0,0.0,47.0,7.0,0.0,37.0,518.0
346,2021-01-05,2027,16,1221,22834,776.0,0.0,0.0,176.0,88.0,1611.0,123.0,0.0,0.0,30.0,14.0,0.0,111.0,590.0
347,2021-01-06,2593,4,1129,24281,1603.0,0.0,0.0,138.0,70.0,1971.0,116.0,0.0,2.0,21.0,12.0,0.0,81.0,1463.0
348,2021-01-07,3027,6,2145,25157,1532.0,0.0,0.0,213.0,97.0,1599.0,180.0,0.0,2.0,38.0,8.0,0.0,63.0,1403.0
349,2021-01-08,2643,2,2708,25080,1162.0,0.0,0.0,169.0,92.0,2196.0,149.0,0.0,0.0,75.0,10.0,0.0,131.0,935.0
350,2021-01-09,2451,5,1401,26122,977.0,0.0,0.0,190.0,107.0,1993.0,152.0,0.0,1.0,91.0,7.0,0.0,327.0,472.0
351,2021-01-10,2433,7,1277,27266,751.0,0.0,0.0,213.0,102.0,1896.0,201.0,0.0,7.0,83.0,13.0,0.0,86.0,492.0
352,2021-01-11,2232,5,1006,28489,788.0,0.0,0.0,223.0,139.0,1650.0,176.0,0.0,5.0,127.0,12.0,0.0,197.0,348.0
353,2021-01-12,3309,6,1469,30319,1460.0,0.0,0.0,241.0,122.0,2684.0,177.0,0.0,4.0,208.0,16.0,0.0,439.0,769.0
354,2021-01-13,2985,2,994,32301,1076.0,0.0,0.0,239.0,119.0,2358.0,214.0,0.0,10.0,151.0,6.0,0.0,296.0,589.0
355,2021-01-14,3337,7,1710,33915,1365.0,0.0,0.0,265.0,129.0,2624.0,199.0,0.0,1.0,260.0,12.0,0.0,153.0,921.0
356,2021-01-15,3211,5,1939,35173,1300.0,0.0,0.0,245.0,143.0,2478.0,189.0,0.0,15.0,92.0,20.0,0.0,12.0,1068.0
357,2021-01-16,4029,8,2148,37039,1425.0,0.0,0.0,340.0,175.0,3212.0,249.0,0.0,4.0,114.0,6.0,0.0,110.0,1168.0
358,2021-01-17,3339,15,2676,37691,1326.0,0.0,0.0,295.0,161.0,2404.0,207.0,0.0,4.0,140.0,13.0,0.0,162.0,937.0
359,2021-01-18,3306,7,2293,38688,1195.0,0.0,0.0,245.0,161.0,2544.0,233.0,0.0,4.0,135.0,40.0,0.0,107.0,854.0
360,2021-01-19,3631,7,2944,39365,1088.0,0.0,0.0,296.0,175.0,2830.0,272.0,0.0,19.0,170.0,12.0,0.0,310.0,513.0
361,2021-01-20,4008,5,2374,40979,1432.0,0.0,0.0,293.0,168.0,3225.0,303.0,0.0,9.0,225.0,48.0,0.0,113.0,966.0
362,2021-01-21,3170,8,2490,41644,720.0,0.0,0.0,282.0,161.0,2364.0,310.0,0.0,0.0,157.0,48.0,0.0,26.0,346.0
363,2021-01-22,3631,6,2554,42705,933.0,1.0,0.0,373.0,171.0,2714.0,306.0,0.0,15.0,177.0,54.0,0.0,89.0,538.0
364,2021-01-23,4275,11,4313,42652,1015.0,0.0,0.0,350.0,176.0,3322.0,318.0,0.0,7.0,211.0,22.0,0.0,68.0,595.0
365,2021-01-24,3346,7,4427,41560,1086.0,0.0,0.0,290.0,191.0,2432.0,269.0,0.0,24.0,211.0,8.0,0.0,242.0,537.0
366,2021-01-25,3048,8,3638,40954,757.0,1.0,0.0,258.0,133.0,2299.0,292.0,0.0,13.0,102.0,29.0,0.0,62.0,505.0
367,2021-01-26,3585,2,4076,40443,742.0,0.0,0.0,294.0,164.0,2792.0,279.0,0.0,11.0,209.0,21.0,0.0,59.0,414.0
368,2021-01-27,3680,6,1858,42249,1425.0,0.0,0.0,265.0,136.0,2851.0,252.0,0.0,28.0,124.0,25.0,0.0,64.0,1170.0
369,2021-01-28,4094,8,3281,43050,823.0,0.0,0.0,372.0,172.0,3209.0,290.0,0.0,19.0,129.0,27.0,0.0,27.0,564.0
370,2021-01-29,5725,7,3423,45333,1790.0,0.0,0.0,321.0,199.0,4212.0,394.0,0.0,21.0,150.0,10.0,0.0,419.0,1116.0
371,2021-01-30,5728,5,3805,47243,1741.0,0.0,0.0,340.0,197.0,4442.0,371.0,0.0,11.0,154.0,9.0,0.0,132.0,1337.0
372,2021-01-31,5298,3,4522,48001,1678.0,0.0,0.0,394.0,196.0,4169.0,339.0,0.0,8.0,97.0,82.0,0.0,97.0,1349.0
373,2021-02-01,4214,9,4280,47920,1267.0,0.0,0.0,246.0,129.0,3197.0,262.0,0.0,12.0,89.0,55.0,0.0,116.0,917.0
374,2021-02-02,3455,5,3661,47700,1345.0,0.0,0.0,215.0,107.0,2370.0,208.0,0.0,16.0,62.0,9.0,0.0,77.0,1089.0
375,2021-02-03,4284,6,3804,48160,1792.0,0.0,0.0,220.0,149.0,3603.0,186.0,0.0,5.0,127.0,14.0,0.0,122.0,1465.0
376,2021-02-04,4571,3,4092,48617,1793.0,1.0,0.0,288.0,155.0,3498.0,276.0,0.0,11.0,149.0,14.0,0.0,237.0,1268.0
377,2021-02-05,3391,4,3392,48608,1108.0,0.0,0.0,246.0,109.0,2596.0,224.0,0.0,6.0,88.0,39.0,0.0,145.0,762.0
378,2021-02-06,3847,4,1692,50747,1486.0,0.0,0.0,254.0,122.0,2854.0,251.0,0.0,6.0,120.0,15.0,0.0,133.0,1020.0
379,2021-02-07,3731,8,3369,51097,1604.0,0.0,0.0,196.0,109.0,2814.0,192.0,0.0,2.0,138.0,11.0,0.0,43.0,1164.0
380,2021-02-08,3100,1,2340,51834,1547.0,0.0,0.0,166.0,87.0,2630.0,166.0,0.0,1.0,26.0,14.0,0.0,29.0,1426.0
381,2021-02-09,2764,6,3887,50698,935.0,0.0,0.0,205.0,111.0,2166.0,165.0,0.0,1.0,22.0,10.0,0.0,51.0,789.0
382,2021-02-10,3288,5,1929,52046,1500.0,0.0,0.0,190.0,120.0,2282.0,173.0,0.0,0.0,43.0,23.0,0.0,63.0,1309.0
383,2021-02-11,3384,15,3774,51643,1631.0,0.0,0.0,210.0,110.0,2669.0,186.0,0.0,0.0,94.0,28.0,0.0,93.0,1388.0
384,2021-02-12,3318,7,3505,51450,1716.0,0.0,0.0,158.0,82.0,2783.0,153.0,0.0,0.0,36.0,11.0,0.0,37.0,1459.0
385,2021-02-13,3499,1,3515,51419,1611.0,0.0,0.0,179.0,114.0,2622.0,125.0,0.0,0.0,91.0,16.0,0.0,70.0,1365.0
386,2021-02-14,2464,3,4525,49349,857.0,0.0,0.0,160.0,130.0,1897.0,179.0,0.0,11.0,79.0,3.0,0.0,54.0,627.0
387,2021-02-15,2176,1,4521,46990,689.0,0.0,0.0,178.0,103.0,1680.0,164.0,0.0,0.0,45.0,9.0,0.0,64.0,497.0
388,2021-02-16,2720,0,5718,43980,1581.0,0.0,0.0,182.0,85.0,2004.0,158.0,0.0,0.0,85.0,11.0,0.0,57.0,1372.0
389,2021-02-17,2998,7,5709,41262,1589.0,0.0,0.0,142.0,86.0,2376.0,155.0,0.0,0.0,83.0,63.0,0.0,103.0,1302.0
390,2021-02-18,2712,4,5320,38647,1303.0,0.0,0.0,138.0,73.0,2121.0,189.0,0.0,40.0,35.0,39.0,0.0,43.0,1118.0
391,2021-02-19,2936,9,4889,36685,1435.0,0.0,0.0,181.0,105.0,2415.0,127.0,0.0,5.0,37.0,11.0,0.0,112.0,1230.0
392,2021-02-20,2461,0,4782,34356,1173.0,0.0,0.0,178.0,87.0,1860.0,107.0,0.0,20.0,61.0,3.0,0.0,298.0,743.0
393,2021-02-21,3297,6,4456,33192,2082.0,1.0,0.0,153.0,89.0,2867.0,122.0,0.0,7.0,38.0,8.0,0.0,124.0,1870.0
394,2021-02-22,2192,3,3414,31960,1084.0,0.0,0.0,164.0,84.0,1792.0,104.0,0.0,1.0,88.0,7.0,0.0,110.0,824.0
395,2021-02-23,2468,4,4055,30363,1113.0,0.0,0.0,145.0,72.0,1934.0,123.0,0.0,0.0,74.0,3.0,0.0,175.0,805.0
396,2021-02-24,3545,1,3331,30572,2483.0,0.0,0.0,145.0,84.0,2919.0,173.0,0.0,0.0,70.0,19.0,0.0,29.0,2338.0
397,2021-02-25,1924,6,3752,28738,705.0,0.0,0.0,158.0,72.0,1473.0,155.0,0.0,1.0,76.0,26.0,0.0,105.0,442.0
398,2021-02-26,2253,7,3085,27903,1136.0,0.0,0.0,124.0,75.0,1822.0,173.0,0.0,11.0,140.0,27.0,0.0,95.0,863.0
399,2021-02-27,2364,1,3320,26937,1100.0,0.0,0.0,147.0,100.0,1858.0,162.0,0.0,4.0,157.0,6.0,0.0,52.0,801.0
400,2021-02-28,2437,1,3251,26118,1404.0,0.0,0.0,132.0,83.0,2044.0,113.0,0.0,0.0,114.0,9.0,0.0,85.0,1131.0
401,2021-03-01,1828,7,2486,25456,962.0,0.0,0.0,131.0,55.0,1441.0,102.0,0.0,0.0,56.0,4.0,0.0,113.0,737.0
402,2021-03-02,1555,3,2528,24474,604.0,0.0,1.0,113.0,55.0,1207.0,127.0,0.0,1.0,56.0,4.0,0.0,113.0,737.0
403,2021-03-03,1745,2,2276,23939,867.0,1.0,0.0,112.0,59.0,1444.0,71.0,0.0,0.0,42.0,3.0,0.0,47.0,665.0
404,2021-03-04,2063,9,2922,23077,897.0,1.0,0.0,163.0,87.0,1566.0,131.0,0.0,0.0,105.0,15.0,0.0,99.0,645.0
405,2021-03-05,2154,5,3275,21948,1021.0,3.0,0.0,194.0,171.0,1215.0,118.0,0.0,6.0,65.0,1.0,0.0,81.0,813.0
406,2021-03-06,1680,3,2548,21076,650.0,2.0,0.0,186.0,83.0,1142.0,129.0,0.0,0.0,64.0,15.0,0.0,54.0,428.0
407,2021-03-07,1683,10,2506,20248,649.0,2.0,0.0,125.0,91.0,1236.0,111.0,0.0,1.0,60.0,1.0,0.0,61.0,454.0
408,2021-03-08,1529,9,2076,19695,361.0,7.0,0.0,149.0,84.0,1154.0,110.0,0.0,6.0,34.0,1.0,0.0,34.0,232.0
409,2021-03-09,1280,2,2345,18622,530.0,3.0,0.0,114.0,46.0,1027.0,77.0,0.0,0.0,97.0,13.0,0.0,5.0,357.0
410,2021-03-10,1448,10,2137,17926,765.0,2.0,0.0,131.0,57.0,1163.0,82.0,8.0,0.0,87.0,2.0,0.0,15.0,587.0
411,2021-03-11,1647,5,2104,17465,664.0,19.0,0.0,108.0,53.0,1302.0,111.0,0.0,2.0,88.0,4.0,0.0,116.0,399.0
412,2021-03-12,1575,7,2042,16995,444.0,5.0,0.0,153.0,82.0,1118.0,133.0,0.0,0.0,53.0,3.0,0.0,69.0,244.0
413,2021-03-13,1470,12,1830,16632,518.0,17.0,0.0,132.0,60.0,1055.0,123.0,0.0,0.0,53.0,0.0,0.0,89.0,270.0
414,2021-03-14,1354,14,1782,16200,431.0,12.0,1.0,135.0,71.0,1004.0,102.0,0.0,0.0,48.0,0.0,0.0,64.0,209.0
415,2021-03-15,1208,9,1973,15431,430.0,15.0,1.0,127.0,80.0,887.0,76.0,0.0,1.0,59.0,1.0,0.0,6.0,238.0
416,2021-03-16,1063,4,1365,15126,426.0,13.0,0.0,141.0,56.0,764.0,91.0,0.0,1.0,76.0,0.0,0.0,8.0,247.0
417,2021-03-17,1219,7,1346,14997,607.0,14.0,0.0,103.0,56.0,783.0,80.0,4.0,1.0,88.0,0.0,0.0,39.0,377.0
418,2021-03-18,1213,6,1503,14706,488.0,13.0,0.0,132.0,69.0,864.0,87.0,0.0,0.0,49.0,2.0,0.0,142.0,195.0
419,2021-03-19,1576,11,1996,14285,944.0,15.0,0.0,143.0,61.0,1238.0,96.0,0.0,0.0,80.0,0.0,0.0,298.0,454.0
420,2021-03-20,1671,2,1585,14366,744.0,21.0,0.0,144.0,68.0,1334.0,107.0,0.0,0.0,53.0,3.0,0.0,236.0,326.0
421,2021-03-21,1327,11,1247,14441,632.0,15.0,0.0,116.0,58.0,1047.0,82.0,3.0,0.0,67.0,0.0,14.0,0.0,343.0
422,2021-03-22,1116,8,1495,14060,597.0,6.0,0.0,99.0,48.0,899.0,57.0,0.0,0.0,19.0,1.0,10.0,111.0,361.0
423,2021-03-23,1384,9,1058,14384,762.0,20.0,1.0,119.0,55.0,1095.0,96.0,2.0,0.0,35.0,0.0,8.0,37.0,592.0
424,2021-03-24,1268,5,1083,14565,614.0,17.0,0.0,129.0,66.0,983.0,74.0,0.0,0.0,34.0,22.0,7.0,41.0,385.0
425,2021-03-25,1360,1,1491,14432,591.0,17.0,0.0,171.0,59.0,994.0,118.0,0.0,0.0,110.0,1.0,16.0,62.0,207.0
426,2021-03-26,1275,32,1509,14197,509.0,10.0,1.0,155.0,71.0,921.0,93.0,0.0,0.0,47.0,0.0,31.0,22.0,300.0
427,2021-03-27,1199,5,1257,14131,494.0,12.0,0.0,192.0,100.0,794.0,77.0,0.0,0.0,117.0,6.0,32.0,8.0,243.0
428,2021-03-28,1302,9,1127,14303,650.0,12.0,0.0,134.0,74.0,983.0,100.0,0.0,0.0,28.0,0.0,22.0,283.0,223.0
429,2021-03-29,941,8,1097,14143,345.0,12.0,0.0,95.0,54.0,708.0,73.0,0.0,0.0,26.0,0.0,21.0,63.0,155.0
430,2021-03-30,1133,8,1148,14122,550.0,15.0,1.0,122.0,71.0,859.0,70.0,0.0,0.0,41.0,1.0,28.0,87.0,213.0
431,2021-03-31,1482,2,1070,14525,849.0,20.0,0.0,150.0,80.0,1162.0,82.0,0.0,0.0,47.0,7.0,62.0,39.0,540.0
432,2021-04-01,1178,20,1377,14323,462.0,8.0,0.0,111.0,74.0,870.0,99.0,0.0,0.0,46.0,3.0,25.0,31.0,270.0
433,2021-04-02,1294,26,1442,14173,551.0,8.0,0.0,127.0,59.0,918.0,107.0,0.0,0.0,43.0,16.0,23.0,22.0,330.0
434,2021-04-03,1638,7,1449,14357,898.0,9.0,0.0,142.0,86.0,1276.0,98.0,0.0,0.0,111.0,4.0,19.0,15.0,624.0
435,2021-04-04,1349,7,1270,14430,654.0,8.0,0.0,131.0,71.0,890.0,95.0,0.0,0.0,105.0,7.0,18.0,197.0,254.0
436,2021-04-05,1070,9,1294,14202,367.0,10.0,0.0,124.0,63.0,781.0,91.0,0.0,0.0,97.0,1.0,26.0,14.0,116.0
437,2021-04-06,1300,24,1412,14087,563.0,10.0,1.0,126.0,96.0,881.0,74.0,0.0,9.0,70.0,0.0,35.0,144.0,176.0
438,2021-04-07,1139,13,1199,14025,450.0,17.0,0.0,132.0,64.0,814.0,124.0,4.0,1.0,179.0,13.0,8.0,27.0,156.0
439,2021-04-08,1285,17,1175,14129,438.0,11.0,1.0,94.0,81.0,1008.0,96.0,0.0,5.0,63.0,0.0,13.0,105.0,186.0
440,2021-04-09,1854,20,1247,14729,681.0,31.0,2.0,211.0,110.0,1348.0,172.0,0.0,2.0,190.0,0.0,32.0,58.0,241.0
441,2021-04-10,1510,5,1248,14988,466.0,13.0,2.0,169.0,107.0,1079.0,145.0,0.0,2.0,91.0,3.0,8.0,34.0,131.0
442,2021-04-11,1739,8,1216,15505,742.0,15.0,3.0,162.0,107.0,1298.0,139.0,0.0,2.0,141.0,0.0,25.0,56.0,339.0
443,2021-04-12,1317,12,1052,15759,456.0,9.0,0.0,126.0,82.0,914.0,141.0,0.0,0.0,71.0,0.0,3.0,8.0,236.0
444,2021-04-13,1767,9,1290,16231,668.0,7.0,2.0,176.0,89.0,1334.0,150.0,0.0,7.0,142.0,1.0,47.0,21.0,342.0
445,2021-04-14,1889,6,1485,16630,689.0,16.0,4.0,181.0,225.0,1216.0,165.0,0.0,28.0,116.0,1.0,59.0,94.0,235.0
446,2021-04-15,2148,19,1259,17515,896.0,10.0,5.0,196.0,237.0,1501.0,190.0,0.0,33.0,270.0,0.0,118.0,57.0,332.0
447,2021-04-16,2551,29,1524,18536,990.0,17.0,3.0,223.0,170.0,1953.0,177.0,0.0,34.0,93.0,0.0,446.0,82.0,227.0
448,2021-04-17,2331,12,1832,19024,659.0,22.0,3.0,241.0,322.0,1569.0,166.0,0.0,37.0,99.0,0.0,185.0,39.0,179.0
449,2021-04-18,2195,10,1427,19784,791.0,17.0,3.0,211.0,209.0,1518.0,168.0,0.0,19.0,74.0,0.0,183.0,18.0,356.0
450,2021-04-19,2078,13,1402,20450,628.0,13.0,3.0,207.0,263.0,1416.0,172.0,0.0,17.0,182.0,0.0,175.0,13.0,171.0
451,2021-04-20,2341,7,1592,21189,598.0,15.0,3.0,250.0,340.0,1555.0,184.0,0.0,3.0,121.0,0.0,235.0,4.0,95.0
452,2021-04-21,2340,12,1910,21610,759.0,15.0,8.0,206.0,417.0,1499.0,192.0,0.0,14.0,121.0,0.0,325.0,40.0,120.0
453,2021-04-22,2875,29,2541,21938,983.0,29.0,5.0,304.0,545.0,1774.0,225.0,0.0,37.0,65.0,1.0,501.0,51.0,152.0
454,2021-04-23,2847,4,2341,22429,751.0,23.0,14.0,310.0,333.0,1869.0,242.0,0.0,17.0,131.0,0.0,283.0,62.0,97.0
455,2021-04-24,2717,27,2292,22846,671.0,28.0,12.0,309.0,374.0,1772.0,235.0,0.0,19.0,108.0,0.0,242.0,21.0,128.0
456,2021-04-25,2690,10,1853,23662,846.0,25.0,7.0,289.0,285.0,1774.0,266.0,0.0,50.0,121.0,0.0,166.0,18.0,349.0
457,2021-04-26,2776,4,1803,24621,806.0,23.0,7.0,296.0,256.0,1861.0,274.0,0.0,56.0,113.0,0.0,105.0,17.0,287.0
458,2021-04-27,2733,5,2019,25325,721.0,22.0,15.0,312.0,313.0,1815.0,259.0,0.0,17.0,105.0,17.0,161.0,36.0,256.0
459,2021-04-28,3142,13,1822,26631,677.0,28.0,16.0,377.0,356.0,2034.0,364.0,0.0,34.0,144.0,18.0,213.0,5.0,57.0
460,2021-04-29,3332,9,1943,27998,690.0,37.0,11.0,381.0,343.0,2178.0,361.0,0.0,47.0,138.0,1.0,151.0,45.0,127.0
461,2021-04-30,3788,2,2640,29125,1069.0,39.0,19.0,439.0,474.0,2425.0,387.0,0.0,36.0,208.0,11.0,271.0,42.0,217.0
462,2021-05-01,2881,16,2462,29528,873.0,40.0,15.0,367.0,273.0,1894.0,297.0,0.0,41.0,124.0,0.0,260.0,97.0,166.0
463,2021-05-02,3418,10,2698,30228,1084.0,38.0,12.0,467.0,390.0,2172.0,333.0,0.0,26.0,253.0,1.0,306.0,6.0,172.0
464,2021-05-03,2500,4,2068,30637,737.0,24.0,8.0,301.0,242.0,1676.0,266.0,0.0,86.0,124.0,0.0,142.0,7.0,245.0
465,2021-05-04,3120,6,2334,31409,839.0,36.0,22.0,357.0,295.0,2068.0,347.0,0.0,50.0,152.0,0.0,230.0,70.0,199.0
466,2021-05-05,3744,7,2304,32819,743.0,48.0,23.0,398.0,312.0,2589.0,419.0,0.0,34.0,141.0,0.0,126.0,34.0,204.0
467,2021-05-06,3551,16,2709,33633,924.0,44.0,22.0,383.0,240.0,2501.0,411.0,0.0,58.0,121.0,9.0,195.0,3.0,360.0
468,2021-05-07,4498,5,3449,34651,1132.0,62.0,17.0,626.0,369.0,2982.0,498.0,0.0,110.0,213.0,2.0,168.0,4.0,376.0
469,2021-05-08,4519,5,2719,36422,993.0,52.0,16.0,502.0,303.0,3044.0,521.0,0.0,91.0,124.0,5.0,67.0,10.0,433.0
470,2021-05-09,3733,6,3211,36923,856.0,43.0,25.0,445.0,236.0,2610.0,405.0,0.0,54.0,143.0,8.0,83.0,4.0,378.0
471,2021-05-10,3807,5,3454,37241,782.0,63.0,23.0,465.0,295.0,2538.0,484.0,0.0,129.0,216.0,0.0,84.0,1.0,210.0
472,2021-05-11,3973,5,2848,38322,1001.0,46.0,32.0,453.0,294.0,2782.0,415.0,0.0,90.0,137.0,18.0,207.0,0.0,181.0
473,2021-05-12,4765,7,3124,39913,1004.0,61.0,26.0,474.0,318.0,3359.0,570.0,0.0,38.0,169.0,4.0,137.0,46.0,382.0
474,2021-05-13,4855,3,3347,41383,1062.0,77.0,29.0,471.0,483.0,3295.0,561.0,0.0,69.0,180.0,3.0,255.0,0.0,323.0
475,2021-05-14,4113,1,4190,41262,994.0,89.0,24.0,469.0,268.0,2757.0,574.0,0.0,111.0,215.0,28.0,52.0,0.0,383.0
476,2021-05-15,4140,9,3432,41922,999.0,92.0,35.0,456.0,229.0,2790.0,589.0,0.0,169.0,179.0,13.0,57.0,29.0,397.0
477,2021-05-16,3780,2,3990,41668,914.0,81.0,24.0,418.0,268.0,2564.0,501.0,0.0,158.0,111.0,3.0,49.0,0.0,262.0
478,2021-05-17,4446,3,2784,43279,852.0,85.0,33.0,438.0,311.0,2997.0,662.0,0.0,131.0,203.0,7.0,74.0,0.0,230.0
479,2021-05-18,4865,5,3497,44589,867.0,88.0,47.0,538.0,326.0,3345.0,637.0,0.0,158.0,182.0,6.0,74.0,0.0,181.0
480,2021-05-19,6075,3,3516,47096,1547.0,102.0,67.0,625.0,384.0,4230.0,761.0,0.0,267.0,193.0,1.0,107.0,0.0,687.0
481,2021-05-20,6806,2,3916,49940,1594.0,117.0,73.0,686.0,476.0,4760.0,815.0,0.0,359.0,230.0,16.0,158.0,0.0,527.0
482,2021-05-21,6493,2,4508,51865,1243.0,106.0,88.0,706.0,420.0,4569.0,742.0,0.0,310.0,149.0,1.0,75.0,2.0,362.0
483,2021-05-22,6320,3,4694,53407,1318.0,127.0,86.0,799.0,433.0,4183.0,809.0,0.0,240.0,230.0,25.0,38.0,0.0,365.0
484,2021-05-23,6976,9,3587,56727,1586.0,135.0,100.0,878.0,446.0,4612.0,879.0,0.0,336.0,317.0,15.0,50.0,6.0,422.0
485,2021-05-24,6509,26,3452,59718,1481.0,120.0,92.0,810.0,477.0,4482.0,679.0,19.0,244.0,310.0,25.0,45.0,12.0,505.0
486,2021-05-25,7289,4,3789,63144,1388.0,131.0,97.0,956.0,537.0,4939.0,811.0,0.0,278.0,312.0,43.0,43.0,0.0,367.0
487,2021-05-26,7478,5,4665,65866,1288.0,125.0,107.0,972.0,497.0,5113.0,808.0,0.0,259.0,234.0,5.0,63.0,0.0,411.0
488,2021-05-27,7857,9,4598,69062,1495.0,147.0,127.0,1013.0,572.0,5388.0,817.0,0.0,247.0,311.0,14.0,43.0,48.0,335.0
489,2021-05-28,8290,2,4814,72433,1842.0,150.0,113.0,1100.0,626.0,5560.0,849.0,0.0,294.0,298.0,7.0,57.0,60.0,625.0
490,2021-05-29,9020,6,5527,75851,1704.0,163.0,145.0,1224.0,607.0,6125.0,886.0,0.0,328.0,385.0,18.0,30.0,78.0,486.0
491,2021-05-30,6999,4,5121,77620,1366.0,142.0,94.0,959.0,486.0,4639.0,734.0,0.0,161.0,641.0,117.0,399.0,0.0,1091.0
492,2021-05-31,6824,3,5251,79096,1331.0,138.0,102.0,1022.0,515.0,4446.0,726.0,0.0,148.0,268.0,14.0,33.0,0.0,620.0
493,2021-06-01,7105,2,6083,80024,1362.0,154.0,123.0,990.0,516.0,4802.0,742.0,0.0,201.0,309.0,22.0,33.0,0.0,469.0
494,2021-06-02,7703,2,5777,81863,1434.0,167.0,140.0,1053.0,522.0,5248.0,682.0,0.0,145.0,265.0,16.0,24.0,54.0,538.0
495,2021-06-03,8209,64,7049,82913,1820.0,143.0,135.0,959.0,544.0,5743.0,760.0,54.0,197.0,270.0,3.0,22.0,5.0,903.0
496,2021-06-04,7748,2,6624,83954,1708.0,181.0,122.0,978.0,498.0,5275.0,715.0,0.0,83.0,213.0,4.0,70.0,2.0,879.0
497,2021-06-05,7452,8,6105,85211,1727.0,156.0,122.0,963.0,482.0,5033.0,701.0,0.0,148.0,274.0,17.0,8.0,66.0,791.0
498,2021-06-06,6241,14,5133,86240,1290.0,166.0,111.0,880.0,380.0,4266.0,544.0,0.0,64.0,250.0,3.0,35.0,58.0,601.0
499,2021-06-07,5271,14,7548,83880,1113.0,148.0,119.0,703.0,374.0,3650.0,502.0,0.0,66.0,233.0,31.0,34.0,11.0,442.0
500,2021-06-08,5566,4,6962,82411,1522.0,142.0,85.0,698.0,366.0,3872.0,477.0,0.0,72.0,268.0,72.0,31.0,7.0,830.0
501,2021-06-09,6239,11,7386,81171,1397.0,153.0,115.0,781.0,417.0,4268.0,558.0,0.0,47.0,212.0,23.0,28.0,109.0,589.0
502,2021-06-10,5671,8,7325,79449,1453.0,155.0,122.0,778.0,402.0,3882.0,525.0,0.0,66.0,218.0,21.0,48.0,4.0,825.0
503,2021-06-11,6849,4,7749,78483,2429.0,195.0,110.0,719.0,414.0,4770.0,496.0,0.0,39.0,185.0,45.0,22.0,30.0,1865.0
504,2021-06-12,5793,6,8334,75859,1517.0,162.0,108.0,743.0,391.0,3905.0,489.0,1.0,28.0,233.0,24.0,12.0,44.0,859.0
505,2021-06-13,5304,5,8163,72927,1622.0,155.0,91.0,668.0,339.0,3656.0,407.0,0.0,39.0,201.0,13.0,33.0,0.0,931.0
506,2021-06-14,4949,6,6588,71197,1458.0,171.0,89.0,603.0,341.0,3451.0,460.0,0.0,13.0,144.0,46.0,15.0,35.0,881.0
507,2021-06-15,5419,6,6831,69706,1591.0,183.0,98.0,704.0,364.0,3641.0,530.0,0.0,25.0,218.0,65.0,4.0,3.0,843.0
508,2021-06-16,5150,3,7240,67535,1141.0,219.0,91.0,655.0,362.0,3479.0,487.0,0.0,7.0,130.0,46.0,4.0,2.0,618.0
509,2021-06-17,5738,3,7530,65662,1692.0,208.0,105.0,712.0,395.0,4111.0,446.0,0.0,12.0,239.0,16.0,7.0,31.0,1094.0
510,2021-06-18,6440,5,6861,65160,2338.0,198.0,109.0,718.0,336.0,4175.0,469.0,0.0,18.0,158.0,49.0,1.0,101.0,1348.0
511,2021-06-19,5911,1,6918,64086,2192.0,269.0,107.0,659.0,338.0,4175.0,436.0,0.0,10.0,266.0,82.0,23.0,263.0,1163.0
512,2021-06-20,5293,7,5941,63363,1835.0,204.0,74.0,661.0,349.0,3554.0,375.0,0.0,19.0,192.0,33.0,4.0,78.0,1116.0
513,2021-06-21,4611,8,5439,62454,1783.0,228.0,82.0,565.0,312.0,3103.0,365.0,0.0,3.0,312.0,16.0,1.0,221.0,917.0
514,2021-06-22,4743,2,5557,61552,1469.0,278.0,91.0,657.0,286.0,3261.0,439.0,0.0,10.0,219.0,36.0,15.0,85.0,826.0
515,2021-06-23,5244,7,6372,60340,1704.0,332.0,101.0,659.0,305.0,3648.0,434.0,0.0,24.0,316.0,32.0,33.0,46.0,805.0
516,2021-06-24,5841,8,5411,60690,1881.0,377.0,115.0,769.0,389.0,3989.0,511.0,0.0,11.0,372.0,43.0,5.0,79.0,1059.0
517,2021-06-25,5812,32,6775,59649,2146.0,321.0,131.0,593.0,322.0,4108.0,416.0,0.0,0.0,386.0,33.0,17.0,84.0,1318.0
518,2021-06-26,5803,10,5193,60172,2060.0,396.0,114.0,587.0,332.0,4277.0,447.0,0.0,13.0,225.0,16.0,21.0,203.0,1133.0
519,2021-06-27,5586,3,4777,60909,2131.0,415.0,131.0,585.0,325.0,4158.0,412.0,0.0,2.0,240.0,58.0,4.0,202.0,1325.0
520,2021-06-28,5218,7,4744,61292,1770.0,343.0,111.0,668.0,355.0,3734.0,375.0,0.0,1.0,278.0,12.0,18.0,111.0,1074.0
521,2021-06-29,6437,14,5298,62340,2351.0,425.0,162.0,761.0,370.0,4176.0,512.0,0.0,2.0,444.0,32.0,5.0,86.0,1332.0
522,2021-06-30,6276,16,4929,63577,1685.0,504.0,169.0,800.0,381.0,4389.0,496.0,0.0,8.0,259.0,62.0,9.0,104.0,877.0
523,2021-07-01,6988,5,5580,64887,2268.0,642.0,176.0,832.0,377.0,4833.0,492.0,0.0,0.0,305.0,41.0,23.0,209.0,1341.0
524,2021-07-02,6982,3,6278,65484,2198.0,588.0,202.0,758.0,423.0,5069.0,515.0,0.0,10.0,339.0,99.0,2.0,13.0,1358.0
525,2021-07-03,6658,11,5677,66349,1917.0,590.0,184.0,818.0,411.0,4549.0,472.0,0.0,0.0,244.0,13.0,3.0,187.0,1152.0
526,2021-07-04,6045,20,5271,67009,1799.0,588.0,159.0,852.0,379.0,4202.0,451.0,0.0,7.0,297.0,73.0,10.0,34.0,1121.0
527,2021-07-05,6387,26,4532,68764,1947.0,623.0,211.0,759.0,351.0,4680.0,425.0,0.0,0.0,350.0,55.0,0.0,40.0,1182.0
528,2021-07-06,7654,11,4797,71508,2463.0,734.0,214.0,960.0,402.0,4974.0,501.0,0.0,0.0,288.0,42.0,45.0,46.0,1746.0
529,2021-07-07,7097,26,4863,73587,2106.0,728.0,210.0,836.0,475.0,5018.0,457.0,0.0,1.0,370.0,82.0,92.0,166.0,927.0
530,2021-07-08,8868,10,5802,76495,2704.0,1030.0,295.0,896.0,500.0,6520.0,662.0,0.0,6.0,474.0,75.0,23.0,25.0,1645.0
531,2021-07-09,9180,7,5713,79780,2343.0,1017.0,289.0,1113.0,516.0,6462.0,612.0,0.0,2.0,339.0,41.0,5.0,169.0,1462.0
532,2021-07-10,9353,11,5910,83074,3016.0,1102.0,336.0,940.0,488.0,6442.0,629.0,0.0,12.0,359.0,73.0,13.0,80.0,2135.0
533,2021-07-11,9105,18,5194,86801,2199.0,1208.0,338.0,1169.0,554.0,6482.0,640.0,0.0,4.0,496.0,54.0,1.0,15.0,1271.0
534,2021-07-12,8574,40,5041,90158,1843.0,1097.0,322.0,1186.0,581.0,5970.0,633.0,0.0,3.0,356.0,52.0,7.0,138.0,931.0
535,2021-07-13,11079,27,5990,95054,2700.0,1468.0,460.0,1542.0,719.0,7592.0,738.0,0.0,6.0,587.0,41.0,0.0,214.0,1375.0
536,2021-07-14,11618,26,6377,100116,2304.0,1771.0,520.0,1947.0,613.0,7931.0,806.0,0.0,0.0,430.0,189.0,3.0,97.0,1070.0
537,2021-07-15,13215,13,6095,107027,2828.0,1878.0,509.0,1800.0,882.0,9272.0,762.0,0.0,1.0,654.0,67.0,54.0,195.0,1207.0
538,2021-07-16,12541,16,6742,112613,2785.0,1863.0,537.0,1514.0,732.0,9010.0,770.0,0.0,2.0,468.0,99.0,36.0,179.0,1518.0
539,2021-07-17,12528,19,6629,118250,3206.0,1918.0,481.0,1615.0,806.0,8691.0,789.0,0.0,0.0,425.0,100.0,41.0,268.0,1772.0
540,2021-07-18,10710,12,5778,122947,2164.0,1625.0,453.0,1402.0,649.0,7611.0,668.0,0.0,0.0,375.0,69.0,34.0,358.0,1015.0
541,2021-07-19,10972,48,6439,127259,2480.0,1854.0,487.0,1467.0,697.0,7971.0,690.0,4.0,0.0,416.0,55.0,22.0,247.0,1358.0
542,2021-07-20,12366,8,7567,131782,2650.0,2176.0,539.0,1619.0,840.0,8788.0,821.0,0.0,0.0,369.0,128.0,20.0,369.0,1062.0
543,2021-07-21,11985,7,7902,135594,2149.0,2246.0,582.0,1868.0,897.0,8020.0,880.0,0.0,19.0,463.0,107.0,89.0,77.0,952.0
544,2021-07-22,13034,25,8436,139928,2589.0,2652.0,730.0,1824.0,886.0,9122.0,846.0,0.0,2.0,611.0,72.0,52.0,191.0,1163.0
545,2021-07-23,15573,32,10094,145118,2214.0,3337.0,786.0,2098.0,1102.0,10897.0,1082.0,0.0,19.0,474.0,142.0,17.0,101.0,864.0
546,2021-07-24,15902,26,9471,151251,2922.0,3450.0,778.0,2063.0,976.0,11374.0,1208.0,8.0,3.0,515.0,89.0,36.0,123.0,1298.0
547,2021-07-25,17045,6,9683,158310,3134.0,3620.0,905.0,2132.0,1056.0,12041.0,1034.0,0.0,3.0,711.0,87.0,28.0,114.0,1552.0
548,2021-07-26,14516,3,9371,163187,2902.0,2765.0,708.0,2002.0,960.0,9727.0,871.0,0.0,7.0,559.0,57.0,19.0,29.0,1504.0
549,2021-07-27,16117,26,11526,167503,2958.0,3532.0,923.0,2230.0,1124.0,11404.0,1079.0,0.0,1.0,619.0,90.0,30.0,110.0,1350.0
550,2021-07-28,17405,6,12373,172214,2951.0,4156.0,1103.0,2473.0,1185.0,11987.0,1195.0,0.0,6.0,621.0,125.0,25.0,74.0,1580.0
551,2021-07-29,17170,32,12930,176165,2423.0,4184.0,1105.0,2453.0,1171.0,12148.0,1047.0,0.0,2.0,567.0,77.0,19.0,266.0,968.0
552,2021-07-30,16840,17,12179,180499,3075.0,4159.0,1119.0,2337.0,1174.0,11633.0,1068.0,0.0,5.0,822.0,84.0,9.0,61.0,1569.0
553,2021-07-31,17786,9,11718,186255,3046.0,4436.0,1243.0,2718.0,1393.0,12186.0,1147.0,0.0,49.0,825.0,64.0,8.0,84.0,1283.0
554,2021-08-01,17150,1,11326,191753,3000.0,4707.0,1181.0,2547.0,1286.0,11692.0,1206.0,0.0,2.0,626.0,140.0,13.0,24.0,1525.0
555,2021-08-02,15764,6,11767,195375,2625.0,4314.0,1128.0,2281.0,1136.0,10749.0,1035.0,0.0,18.0,559.0,58.0,45.0,106.0,1256.0
556,2021-08-03,17105,37,12297,199844,2400.0,4748.0,1340.0,2493.0,1270.0,11722.0,1147.0,0.0,20.0,556.0,81.0,20.0,44.0,906.0
557,2021-08-04,19819,23,12704,206653,2953.0,5576.0,1548.0,2831.0,1393.0,13734.0,1313.0,0.0,23.0,748.0,36.0,29.0,74.0,1169.0
558,2021-08-05,20596,34,13893,213045,3084.0,6604.0,1720.0,2689.0,1408.0,14649.0,1292.0,0.0,12.0,682.0,65.0,41.0,165.0,1346.0
559,2021-08-06,20889,13,16394,217183,2657.0,6945.0,1840.0,2808.0,1336.0,14806.0,1320.0,0.0,16.0,492.0,64.0,22.0,92.0,1260.0
560,2021-08-07,19257,16,16322,219785,2771.0,6370.0,1719.0,2589.0,1380.0,13305.0,1388.0,0.0,20.0,579.0,32.0,14.0,97.0,1080.0
561,2021-08-08,18688,10,17055,221099,2585.0,5978.0,1728.0,2611.0,1321.0,13051.0,1321.0,0.0,88.0,475.0,80.0,12.0,106.0,1172.0
562,2021-08-09,17236,29,15187,222844,2392.0,5573.0,1651.0,2363.0,1269.0,11801.0,1140.0,0.0,17.0,534.0,14.0,4.0,182.0,933.0
563,2021-08-10,19991,0,16258,226170,2866.0,6610.0,1925.0,2772.0,1470.0,13452.0,1401.0,0.0,32.0,716.0,24.0,29.0,49.0,1236.0
564,2021-08-11,20780,15,17973,228691,2659.0,6603.0,2078.0,2980.0,1454.0,14497.0,1373.0,0.0,33.0,654.0,69.0,8.0,17.0,1262.0
565,2021-08-12,21668,58,17687,232378,2544.0,7004.0,2435.0,2946.0,1512.0,15088.0,1509.0,0.0,11.0,621.0,33.0,15.0,81.0,1120.0
566,2021-08-13,21468,25,17025,236558,2692.0,7209.0,2407.0,2758.0,1466.0,14615.0,1534.0,0.0,15.0,391.0,144.0,43.0,33.0,1230.0
567,2021-08-14,20670,8,17655,239297,2402.0,6836.0,2391.0,2810.0,1481.0,14256.0,1500.0,0.0,6.0,517.0,83.0,19.0,71.0,1150.0
568,2021-08-15,20546,14,16945,242609,2600.0,6853.0,2494.0,5766.0,27.0,12926.0,1359.0,0.0,9.0,555.0,48.0,28.0,259.0,1112.0
569,2021-08-16,19740,19,17450,244608,3058.0,6361.0,2687.0,3525.0,978.0,13195.0,1329.0,0.0,12.0,615.0,71.0,16.0,52.0,1571.0
570,2021-08-17,19631,7,16467,247522,2265.0,6208.0,2732.0,2850.0,1431.0,13404.0,1422.0,0.0,13.0,561.0,55.0,2.0,175.0,1042.0
571,2021-08-18,22242,4,19680,249807,2878.0,7162.0,3203.0,3096.0,1623.0,15079.0,1523.0,0.0,24.0,556.0,61.0,4.0,80.0,1395.0
572,2021-08-19,22948,9,21720,250778,2343.0,7165.0,3312.0,3062.0,1685.0,16041.0,1624.0,0.0,27.0,481.0,44.0,10.0,136.0,1131.0
573,2021-08-20,23564,23,21448,252662,3031.0,7214.0,4236.0,3469.0,1840.0,15921.0,1643.0,0.0,6.0,764.0,31.0,33.0,38.0,1588.0
574,2021-08-21,22262,40,18576,256102,2331.0,6898.0,3916.0,3184.0,1701.0,14914.0,1687.0,0.0,21.0,601.0,61.0,12.0,183.0,1104.0
575,2021-08-22,19807,5,18200,257407,2177.0,5886.0,3418.0,3026.0,1581.0,13223.0,1449.0,0.0,7.0,416.0,36.0,4.0,97.0,1033.0
576,2021-08-23,17672,8,19053,255754,2010.0,5206.0,3385.0,2634.0,1374.0,11752.0,1476.0,0.0,6.0,588.0,93.0,5.0,73.0,904.0
577,2021-08-24,20837,22,18613,257792,2514.0,6277.0,3934.0,3081.0,1592.0,13920.0,1523.0,0.0,10.0,457.0,29.0,2.0,76.0,1480.0
578,2021-08-25,22642,5,20798,259401,2499.0,6923.0,4506.0,3263.0,1762.0,14990.0,1767.0,0.0,11.0,424.0,68.0,3.0,186.0,1384.0
579,2021-08-26,24599,8,22657,261073,3394.0,7314.0,4884.0,3480.0,1723.0,16440.0,1838.0,0.0,24.0,542.0,93.0,35.0,73.0,1944.0
580,2021-08-27,22070,15,21877,261030,2126.0,6467.0,5034.0,3070.0,1718.0,14957.0,1658.0,0.0,2.0,474.0,17.0,3.0,150.0,1022.0
581,2021-08-28,22597,12,19492,263897,2551.0,6814.0,5295.0,3283.0,1742.0,14810.0,1781.0,0.0,6.0,467.0,84.0,7.0,92.0,1505.0
582,2021-08-29,20579,7,20845,263386,2595.0,5642.0,4898.0,3124.0,1689.0,13617.0,1489.0,0.0,12.0,392.0,16.0,4.0,81.0,1458.0
583,2021-08-30,19268,16,21257,261125,2097.0,5256.0,4643.0,3014.0,1584.0,12553.0,1603.0,0.0,4.0,460.0,37.0,72.0,89.0,1034.0
584,2021-08-31,20897,1,18465,263301,1454.0,5832.0,5553.0,3003.0,1676.0,14045.0,1723.0,0.0,1.0,260.0,38.0,11.0,43.0,734.0
585,2021-09-01,18762,5,21073,260722,2107.0,4942.0,5466.0,2861.0,1488.0,12403.0,1595.0,0.0,3.0,515.0,42.0,16.0,23.0,1109.0
586,2021-09-02,20988,1,23473,258010,2142.0,5158.0,6245.0,3100.0,1797.0,13856.0,1866.0,0.0,5.0,351.0,112.0,52.0,81.0,1110.0
587,2021-09-03,19378,14,22399,254771,2223.0,4755.0,5997.0,3036.0,1488.0,12754.0,1678.0,0.0,5.0,562.0,64.0,12.0,102.0,1191.0
588,2021-09-04,19057,10,21582,252018,1760.0,4527.0,6192.0,2959.0,1652.0,12252.0,1757.0,0.0,4.0,250.0,8.0,100.0,54.0,886.0
589,2021-09-05,20396,8,20573,251592,2347.0,4670.0,6833.0,3146.0,1641.0,13505.0,1797.0,0.0,6.0,447.0,98.0,23.0,41.0,1385.0
590,2021-09-06,17352,8,20201,248511,1758.0,4066.0,5954.0,2701.0,1436.0,11345.0,1534.0,0.0,0.0,204.0,63.0,23.0,71.0,1015.0
591,2021-09-07,18547,18,18902,247929,2177.0,4246.0,6108.0,2931.0,1577.0,11981.0,1649.0,0.0,0.0,592.0,66.0,19.0,74.0,1082.0
592,2021-09-08,19733,3,22701,244714,2095.0,4510.0,6978.0,3021.0,1612.0,12987.0,1826.0,0.0,1.0,466.0,48.0,58.0,85.0,1038.0
593,2021-09-09,19307,6,24855,238956,1577.0,4352.0,6888.0,2993.0,1610.0,12834.0,1673.0,0.0,0.0,332.0,0.0,74.0,39.0,918.0
594,2021-09-10,21176,4,21476,238444,2162.0,4769.0,7924.0,3391.0,1822.0,13598.0,1941.0,0.0,0.0,326.0,36.0,40.0,23.0,1446.0
595,2021-09-11,19550,7,21771,236011,2144.0,4017.0,7267.0,3123.0,1646.0,12714.0,1738.0,0.0,0.0,551.0,99.0,51.0,38.0,1052.0
596,2021-09-12,19198,5,20980,234004,1916.0,3851.0,7849.0,3036.0,1701.0,12338.0,1882.0,0.0,2.0,544.0,12.0,9.0,69.0,947.0
597,2021-09-13,16073,21,24813,225084,1547.0,3344.0,6378.0,2591.0,1414.0,10263.0,1514.0,0.0,20.0,427.0,42.0,11.0,32.0,674.0
598,2021-09-14,15669,17,18053,222507,1041.0,3492.0,6135.0,2650.0,1319.0,10053.0,1417.0,0.0,6.0,360.0,35.0,5.0,20.0,498.0
599,2021-09-15,19495,11,18760,223031,1389.0,3510.0,8406.0,3318.0,1711.0,12370.0,1875.0,0.0,16.0,485.0,91.0,39.0,15.0,556.0
600,2021-09-16,18815,7,16939,224727,1627.0,3799.0,7932.0,3160.0,1517.0,12145.0,1725.0,0.0,4.0,456.0,47.0,45.0,54.0,775.0
601,2021-09-17,17577,3,22970,219144,1742.0,3765.0,7236.0,2682.0,1413.0,11600.0,1601.0,0.0,3.0,432.0,31.0,13.0,20.0,1055.0
602,2021-09-18,15549,5,17205,217322,1251.0,3212.0,6670.0,2525.0,1309.0,9952.0,1540.0,0.0,1.0,331.0,48.0,23.0,22.0,693.0
603,2021-09-19,14954,11,23469,208649,1216.0,2910.0,6428.0,2420.0,1269.0,9596.0,1412.0,0.0,8.0,196.0,39.0,3.0,72.0,720.0
604,2021-09-20,14345,43,16814,206033,1157.0,2639.0,6499.0,2416.0,1249.0,9024.0,1449.0,24.0,4.0,447.0,7.0,1.0,10.0,523.0
605,2021-09-21,15759,27,16650,204990,1223.0,2846.0,7333.0,2540.0,1416.0,9968.0,1554.0,0.0,3.0,301.0,45.0,15.0,2.0,622.0
606,2021-09-22,14990,5,19702,200134,991.0,2796.0,6852.0,2534.0,1309.0,9483.0,1470.0,0.0,8.0,210.0,35.0,49.0,17.0,595.0
607,2021-09-23,13754,4,16628,197112,1111.0,2228.0,6365.0,2422.0,1132.0,8790.0,1329.0,0.0,1.0,303.0,20.0,7.0,6.0,658.0
608,2021-09-24,14554,9,16751,194769,1079.0,2255.0,7214.0,2413.0,1269.0,9236.0,1491.0,0.0,0.0,405.0,45.0,34.0,4.0,582.0
609,2021-09-25,13899,6,18074,190435,898.0,1938.0,6882.0,2363.0,1171.0,8608.0,1504.0,0.0,3.0,284.0,72.0,23.0,24.0,470.0
610,2021-09-26,13104,8,20971,182443,825.0,2030.0,6625.0,2203.0,1133.0,8245.0,1360.0,0.0,0.0,222.0,6.0,51.0,5.0,541.0
611,2021-09-27,10959,12,16430,176843,797.0,1511.0,5676.0,1826.0,960.0,6781.0,1301.0,0.0,0.0,256.0,66.0,30.0,15.0,430.0
612,2021-09-28,11332,23,14160,173910,715.0,1608.0,5827.0,1945.0,985.0,7081.0,1240.0,0.0,3.0,298.0,0.0,3.0,56.0,355.0
613,2021-09-29,12434,8,17000,169223,710.0,1656.0,6758.0,1950.0,960.0,7990.0,1386.0,0.0,0.0,328.0,18.0,7.0,13.0,344.0
614,2021-09-30,12735,17,17725,164103,764.0,1695.0,6864.0,2242.0,1115.0,7935.0,1281.0,0.0,0.0,294.0,24.0,11.0,3.0,432.0
615,2021-10-01,11889,14,15891,160007,868.0,1495.0,6610.0,2081.0,921.0,7473.0,1277.0,0.0,6.0,439.0,22.0,8.0,0.0,393.0
616,2021-10-02,10915,7,15396,155397,656.0,1322.0,5897.0,1951.0,938.0,6756.0,1166.0,0.0,0.0,194.0,79.0,1.0,2.0,380.0
617,2021-10-03,9066,12,14454,149909,388.0,1134.0,4974.0,1700.0,764.0,5348.0,1087.0,0.0,1.0,224.0,17.0,1.0,5.0,140.0
618,2021-10-04,8075,6,15456,142440,731.0,1099.0,4306.0,1353.0,641.0,5050.0,948.0,0.0,5.0,73.0,25.0,8.0,7.0,613.0
619,2021-10-05,8817,14,15615,135547,619.0,1075.0,5126.0,1386.0,686.0,5624.0,1007.0,0.0,0.0,199.0,30.0,10.0,3.0,377.0
620,2021-10-06,9380,13,13045,131791,426.0,1057.0,5368.0,1656.0,752.0,5877.0,1024.0,0.0,2.0,147.0,35.0,6.0,2.0,234.0
621,2021-10-07,9890,18,12884,128706,697.0,1147.0,5674.0,1731.0,766.0,6167.0,1164.0,0.0,0.0,240.0,111.0,41.0,5.0,300.0
622,2021-10-08,9751,15,12724,125647,382.0,1039.0,5713.0,1728.0,757.0,6033.0,1132.0,0.0,0.0,157.0,17.0,16.0,8.0,184.0
623,2021-10-09,8743,14,14422,119899,621.0,949.0,5159.0,1669.0,713.0,5243.0,1049.0,0.0,0.0,271.0,105.0,42.0,0.0,203.0
624,2021-10-10,7373,2,10959,116232,334.0,774.0,4433.0,1391.0,542.0,4502.0,893.0,0.0,1.0,142.0,48.0,15.0,3.0,125.0
625,2021-10-11,6709,6,10833,112028,282.0,679.0,4049.0,1225.0,486.0,4074.0,887.0,0.0,5.0,137.0,28.0,7.0,0.0,105.0
626,2021-10-12,7276,10,10555,108661,379.0,775.0,4440.0,1236.0,581.0,4486.0,883.0,0.0,10.0,140.0,20.0,64.0,0.0,145.0
627,2021-10-13,7950,29,10832,105706,500.0,781.0,4957.0,1312.0,524.0,4964.0,1004.0,0.0,24.0,95.0,78.0,66.0,44.0,193.0
628,2021-10-14,8084,21,12456,101273,352.0,721.0,5004.0,1462.0,538.0,5020.0,1005.0,0.0,10.0,78.0,75.0,34.0,0.0,155.0
629,2021-10-15,7420,17,10145,98475,416.0,614.0,4599.0,1390.0,410.0,4655.0,918.0,0.0,0.0,86.0,18.0,27.0,6.0,279.0
630,2021-10-16,7509,16,9531,96383,327.0,588.0,4734.0,1283.0,463.0,4790.0,851.0,0.0,0.0,64.0,40.0,67.0,3.0,153.0
631,2021-10-17,6145,12,9231,93228,402.0,514.0,3799.0,1156.0,356.0,3829.0,750.0,0.0,0.0,140.0,12.0,14.0,5.0,231.0
632,2021-10-18,5434,5,8435,90164,356.0,445.0,3520.0,919.0,311.0,3493.0,683.0,0.0,14.0,45.0,24.0,34.0,0.0,239.0
633,2021-10-19,5745,12,8933,86902,219.0,419.0,3677.0,984.0,297.0,3718.0,688.0,0.0,3.0,32.0,4.0,32.0,0.0,148.0
634,2021-10-20,5516,14,9401,82963,206.0,376.0,3721.0,917.0,252.0,3596.0,720.0,0.0,0.0,34.0,19.0,10.0,0.0,143.0
635,2021-10-21,6210,42,7562,81559,303.0,450.0,4085.0,1118.0,316.0,3957.0,794.0,0.0,6.0,66.0,19.0,19.0,0.0,193.0
636,2021-10-22,6630,15,7630,80512,250.0,457.0,4379.0,1200.0,290.0,4257.0,826.0,0.0,9.0,100.0,4.0,31.0,0.0,106.0
637,2021-10-23,5828,7,9178,77123,256.0,397.0,3802.0,1069.0,277.0,3717.0,715.0,0.0,6.0,68.0,12.0,8.0,0.0,162.0
638,2021-10-24,5666,20,6978,75779,148.0,355.0,3698.0,1112.0,280.0,3560.0,689.0,0.0,7.0,37.0,10.0,3.0,0.0,91.0
639,2021-10-25,4782,15,7414,73139,109.0,262.0,3180.0,962.0,209.0,2957.0,622.0,0.0,5.0,12.0,5.0,21.0,0.0,66.0
640,2021-10-26,5726,15,5607,73258,210.0,321.0,3915.0,1030.0,255.0,3645.0,726.0,0.0,0.0,15.0,1.0,25.0,0.0,169.0
